City_ID,City,Lat,Lng,Max Temp,Humidity,Cloudiness,Wind Speed,Country,Date
0,arraial do cabo,-22.9661,-42.0278,22.11,76,0,3.01,BR,1720074432
1,pangody,65.85,74.4859,22.92,50,47,2.91,RU,1720074432
2,trecase,40.7694,14.4377,23.15,73,0,1.54,IT,1720074432
3,port-aux-francais,-49.35,70.2167,1.01,60,18,4.16,TF,1720074433
4,den burg,53.0542,4.7972,15.54,67,45,9.26,NL,1720074433
5,grytviken,-54.2811,-36.5092,-5.06,67,5,0.92,GS,1720074433
6,lagunas,-5.2269,-75.6753,22.25,84,10,0.12,PE,1720074433
7,waitangi,-43.9535,-176.5597,7.12,69,100,5.83,NZ,1720074433
8,hermanus,-34.4187,19.2345,7.11,78,10,5.12,ZA,1720074434
9,thompson,55.7435,-97.8558,8.09,93,20,0.0,CA,1720074434
10,muar,2.0442,102.5689,32.02,78,98,3.43,MY,1720074363
11,bethel,41.3712,-73.414,19.87,84,77,0.45,US,1720074434
12,igrim,63.1906,64.4162,30.52,43,20,4.1,RU,1720074434
13,margaret river,-33.95,115.0667,16.87,48,1,3.45,AU,1720074434
14,olonkinbyen,70.9221,-8.7187,1.53,96,92,7.42,SJ,1720074435
15,cantaura,9.3057,-64.3584,23.98,91,100,1.8,VE,1720074435
16,ad dilam,23.9915,47.1627,37.23,10,0,2.78,SA,1720074435
17,blackmans bay,-43.0167,147.3167,8.18,77,7,1.67,AU,1720074435
18,bredasdorp,-34.5322,20.0403,8.64,88,2,3.37,ZA,1720074435
19,lihue,21.9789,-159.3672,24.77,81,75,7.72,US,1720074274
20,puerto aysen,-45.4,-72.7,1.26,98,98,2.79,CL,1720074435
21,puerto natales,-51.7236,-72.4875,2.32,73,86,7.38,CL,1720074436
22,huilong,31.8111,121.655,34.27,58,0,3.65,CN,1720074436
23,saipan,15.1355,145.701,32.39,66,40,6.17,MP,1720074436
24,vilyuchinsk,52.9306,158.4028,11.15,94,100,1.35,RU,1720074436
25,brokopondo,4.75,-55.1667,25.41,84,46,4.89,SR,1720074436
26,chu,43.5983,73.7614,32.32,17,0,4.73,KZ,1720074436
27,sitka,57.0531,-135.33,12.94,76,100,4.12,US,1720074437
28,lebu,-37.6167,-73.65,8.62,65,100,5.48,CL,1720074437
29,jamestown,42.097,-79.2353,22.8,96,100,2.57,US,1720074437
30,adamstown,-25.066,-130.1015,20.67,61,99,1.89,PN,1720074437
31,port elizabeth,-33.918,25.5701,14.62,67,20,11.32,ZA,1720074437
32,touros,-5.1989,-35.4608,22.27,89,50,4.34,BR,1720074437
33,st. john's,47.5649,-52.7093,11.55,98,0,1.54,CA,1720074211
34,klyuchi,52.2667,79.1667,22.73,60,93,3.08,RU,1720074438
35,iqaluit,63.7506,-68.5145,3.85,86,100,4.12,CA,1720074438
36,yen bai,21.7,104.8667,29.06,82,100,1.62,VN,1720074438
37,port mathurin,-19.6833,63.4167,22.57,62,84,9.41,MU,1720074438
38,gorontalo,0.5412,123.0595,28.42,78,81,2.12,ID,1720074438
39,ushuaia,-54.8,-68.3,2.81,81,100,2.57,AR,1720074438
40,pathein,16.7833,94.7333,26.98,85,100,3.21,MM,1720074439
41,yaren,-0.5472,166.916,25.93,83,100,2.79,NR,1720074439
42,badger,64.8,-147.5333,14.99,74,75,2.06,US,1720074439
43,tanumah,27.1,44.1333,34.97,9,0,3.06,SA,1720074439
44,shatrovo,56.5167,64.6333,26.0,68,8,2.21,RU,1720074439
45,alotau,-10.3069,150.4462,24.63,94,100,2.12,PG,1720074439
46,nicoya,10.1483,-85.452,22.85,98,100,1.07,CR,1720074440
47,yellowknife,62.456,-114.3525,16.9,89,75,5.14,CA,1720074440
48,afaahiti,-17.75,-149.2833,23.93,80,31,9.6,PF,1720074440
49,ola,59.5833,151.2833,13.82,79,98,4.22,RU,1720074441
50,tangalle,6.024,80.7911,33.09,62,81,6.12,LK,1720074441
51,burhanuddin,22.4918,90.7235,30.66,70,90,8.49,BD,1720074441
52,zaozersk,69.4005,32.4476,7.02,84,100,4.1,RU,1720074441
53,albany,42.6001,-73.9662,20.97,66,99,2.2,US,1720074441
54,camana,-16.6228,-72.7111,14.0,92,13,1.36,PE,1720074441
55,el granada,37.5027,-122.4694,23.05,72,100,5.66,US,1720074442
56,talnakh,69.4865,88.3972,15.09,54,100,3.95,RU,1720074442
57,howard springs,-12.497,131.047,29.43,34,39,3.8,AU,1720074492
58,monster,52.0258,4.175,16.12,77,76,5.14,NL,1720074492
59,puerto carreno,6.189,-67.4859,24.3,91,82,1.29,CO,1720074492
60,punta arenas,-53.15,-70.9167,4.06,75,100,8.23,CL,1720074492
61,brownfield,33.1812,-102.2744,30.22,40,73,6.13,US,1720074493
62,avarua,-21.2078,-159.775,24.03,78,20,3.6,CK,1720074493
63,xining,36.6167,101.7667,14.33,90,100,1.94,CN,1720074493
64,san rafael,-34.6177,-68.3301,6.8,38,91,2.12,AR,1720074493
65,san patricio,28.017,-97.5169,29.36,80,0,4.83,US,1720074493
66,puerto ayora,-0.7393,-90.3518,21.42,98,48,1.96,EC,1720074493
67,kodiak,57.79,-152.4072,10.73,82,40,1.54,US,1720074494
68,vorgashor,67.5833,63.95,21.67,54,48,5.32,RU,1720074494
69,longyearbyen,78.2186,15.6401,7.91,66,75,5.14,SJ,1720074494
70,aasiaat,68.7098,-52.8699,0.39,90,15,4.03,GL,1720074494
71,kiama,-34.6833,150.8667,15.0,92,82,0.89,AU,1720074494
72,tolanaro,-25.0319,46.9987,21.04,73,20,3.09,MG,1720074494
73,northam,51.0333,-4.2167,13.55,77,42,5.95,GB,1720074495
74,nova vicosa,-17.8919,-39.3719,20.65,80,0,1.86,BR,1720074495
75,papatowai,-46.5619,169.4708,7.24,87,91,3.26,NZ,1720074495
76,savanna-la-mar,18.219,-78.1332,25.1,94,100,8.19,JM,1720074495
77,sereflikochisar,38.9393,33.5386,25.83,33,0,3.16,TR,1720074495
78,ribeira grande,38.5167,-28.7,19.22,77,40,4.12,PT,1720074495
79,bilibino,68.0546,166.4372,21.9,38,93,1.33,RU,1720074496
80,noumea,-22.2763,166.4572,21.99,85,77,5.77,NC,1720074496
81,nyagan,62.1406,65.3936,31.74,39,39,4.1,RU,1720074496
82,tvoroyri,61.5556,-6.8111,10.16,82,87,6.42,FO,1720074496
83,el salto,20.3333,-104.5,17.15,96,75,0.82,MX,1720074497
84,gadzhiyevo,69.2551,33.3362,7.38,87,100,4.86,RU,1720074497
85,keflavik,64.0049,-22.5624,9.95,81,75,6.17,IS,1720074497
86,oltinko'l,40.8011,72.1634,35.63,11,49,4.62,UZ,1720074497
87,goondiwindi,-28.55,150.3167,19.01,38,22,4.38,AU,1720074497
88,lagoa nova,-6.1,-36.4833,17.55,94,10,4.94,BR,1720074497
89,isafjordur,66.0755,-23.124,3.61,95,100,6.43,IS,1720074498
90,tiksi,71.6872,128.8694,2.65,87,94,4.11,RU,1720074498
91,edinburgh of the seven seas,-37.0676,-12.3116,14.7,79,49,14.24,SH,1720074498
92,west island,-12.1568,96.8225,29.99,79,79,8.75,CC,1720074498
93,kashary,49.04,41.0056,31.91,25,27,4.66,RU,1720074498
94,pontianak,-0.0333,109.3333,31.99,70,75,2.06,ID,1720074498
95,belmonte,-15.8631,-38.8828,21.7,82,30,1.92,BR,1720074499
96,tulun,54.5611,100.5792,22.81,81,90,5.66,RU,1720074499
97,medina,24.4686,39.6142,34.24,14,0,2.57,SA,1720074499
98,trinidad,-14.8333,-64.9,21.05,69,0,0.49,BO,1720074499
99,stanley,54.868,-1.6985,11.27,73,20,10.29,GB,1720074499
100,amungan,15.3652,119.9582,29.92,74,100,3.72,PH,1720074499
101,okha,53.5739,142.9478,18.91,70,80,3.27,RU,1720074500
102,sao tome,0.3365,6.7273,24.39,83,68,4.34,ST,1720074500
103,abashiri,44.0213,144.2697,28.16,36,0,4.63,JP,1720074500
104,enewetak,11.3474,162.3373,28.56,74,87,7.01,MH,1720074500
105,salahonda,2.1019,-78.7217,25.47,87,99,5.52,CO,1720074500
106,cangucu,-31.395,-52.6756,7.87,80,100,1.13,BR,1720074501
107,callaway,30.153,-85.5699,27.2,92,20,0.45,US,1720074501
108,constantia,44.1833,28.65,21.5,68,33,5.56,RO,1720074501
109,kuraymah,18.55,31.85,34.51,35,67,6.82,SD,1720074501
110,hamilton,39.1834,-84.5333,24.44,96,0,2.57,US,1720074501
111,bekalta,35.6174,10.9947,24.01,61,17,8.71,TN,1720074501
112,haiku-pauwela,20.9219,-156.3051,24.47,83,40,7.72,US,1720074502
113,ambovombe,-25.1667,46.0833,20.7,60,0,3.53,MG,1720074502
114,brookings,44.3114,-96.7984,20.0,83,20,2.06,US,1720074502
115,alofi,-19.0595,-169.9187,23.94,88,6,4.63,NU,1720074551
116,kiunga,-6.1219,141.2906,27.07,89,77,1.15,PG,1720074551
117,udachny,66.4167,112.4,18.08,31,5,6.23,RU,1720074551
118,sao felix do xingu,-6.6447,-51.995,21.44,64,0,0.82,BR,1720074552
119,cooma,-36.2333,149.1333,7.69,68,72,2.92,AU,1720074552
120,tutoia,-2.7619,-42.2744,24.22,87,73,2.58,BR,1720074552
121,vila velha,-20.3297,-40.2925,17.97,88,0,0.0,BR,1720074552
122,qaqortoq,60.7167,-46.0333,3.65,80,6,0.71,GL,1720074553
123,kirkland lake,48.1446,-80.0377,17.16,82,0,1.03,CA,1720074553
124,kralendijk,12.15,-68.2667,26.99,89,20,4.63,BQ,1720074553
125,nanma,36.1817,118.1583,21.28,89,100,1.75,CN,1720074553
126,invercargill,-46.4,168.35,7.23,91,93,0.89,NZ,1720074553
127,kapuskasing,49.4169,-82.4331,18.05,72,75,5.14,CA,1720074553
128,buka,40.8108,69.1986,33.05,18,25,1.23,UZ,1720074554
129,sinop,41.7711,34.8709,23.24,42,64,1.91,TR,1720074554
130,katabu,-4.9333,122.5167,27.18,81,93,0.93,ID,1720074554
131,hola,51.5377,23.1902,18.1,76,98,2.18,PL,1720074554
132,revda,56.801,59.9303,27.68,57,11,3.27,RU,1720074554
133,ilulissat,69.2167,-51.1,4.01,87,4,1.54,GL,1720074554
134,brumado,-14.2036,-41.6653,16.77,95,1,1.21,BR,1720074555
135,tralee,52.2704,-9.7026,11.68,79,100,5.85,IE,1720074555
136,palmer,42.1584,-72.3287,18.45,75,0,2.57,US,1720074555
137,saldanha,-33.0117,17.9442,7.03,81,1,2.89,ZA,1720074555
138,fort bragg,35.139,-79.006,24.91,81,0,2.06,US,1720074555
139,anadyr,64.75,177.4833,10.28,87,40,9.0,RU,1720074555
140,mana,5.6592,-53.7767,24.72,92,27,3.74,GF,1720074556
141,tambopata,-12.7333,-69.1833,20.25,85,3,0.14,PE,1720074556
142,umba,66.6871,34.3429,13.41,61,54,5.07,RU,1720074556
143,wailua homesteads,22.0669,-159.378,24.44,82,75,7.72,US,1720074556
144,kikvidze,50.7416,43.0518,27.54,57,79,2.83,RU,1720074556
145,port alfred,-33.5906,26.891,13.43,73,39,2.24,ZA,1720074556
146,ingeniero jacobacci,-41.3427,-69.5448,-2.21,63,15,6.5,AR,1720074557
147,santo antonio do leverger,-15.8656,-56.0767,22.21,42,2,0.94,BR,1720074557
148,hell-ville,-13.4,48.2667,25.93,71,20,0.0,MG,1720074557
149,college,64.8569,-147.8028,15.04,77,75,2.06,US,1720074557
150,timimoun,29.2639,0.231,30.21,19,0,5.14,DZ,1720074557
151,capitao poco,-1.7464,-47.0594,21.69,97,54,2.25,BR,1720074557
152,lionel town,17.8101,-77.2406,28.94,92,100,7.12,JM,1720074557
153,nizhneangarsk,55.7833,109.55,22.36,52,9,1.57,RU,1720074558
154,malacca,2.196,102.2405,32.02,58,20,2.57,MY,1720074558
155,port lincoln,-34.7333,135.8667,13.33,65,77,8.06,AU,1720074558
156,crane,31.3974,-102.3501,30.41,40,42,9.49,US,1720074558
157,chiri-yurt,43.0867,45.7406,26.99,48,1,1.88,RU,1720074558
158,tafuna,-14.3358,-170.72,27.97,78,75,7.72,AS,1720074558
159,muroran,42.3172,140.9881,22.44,81,47,2.06,JP,1720074559
160,fisterra,42.9049,-9.2629,19.45,91,53,6.97,ES,1720074559
161,shimoda,34.6667,138.95,33.39,64,44,9.12,JP,1720074559
162,uturoa,-16.7333,-151.4333,26.18,75,42,10.86,PF,1720074559
163,lautoka,-17.6167,177.4667,26.92,69,20,0.0,FJ,1720074559
164,mangalia,43.8,28.5833,23.09,54,50,6.34,RO,1720074559
165,goz beida,13.95,20.55,27.29,56,99,6.71,TD,1720074560
166,kharp,66.8014,65.8081,21.98,61,90,3.75,RU,1720074560
167,nejo,9.5,35.5,17.49,79,100,1.28,ET,1720074560
168,kailua-kona,19.6406,-155.9956,26.98,88,20,6.17,US,1720074560
169,hithadhoo,-0.6,73.0833,29.06,74,90,4.01,MV,1720074560
170,kununurra,-15.7667,128.7333,25.99,22,1,5.14,AU,1720074560
171,benguela,-12.5763,13.4055,20.0,82,1,0.13,AO,1720074561
172,martapura,-3.4167,114.85,31.05,74,40,3.09,ID,1720074561
173,boundiali,9.5217,-6.4869,21.37,97,100,2.08,CI,1720074561
174,villa canas,-34.0057,-61.6076,3.85,10,100,0.88,AR,1720074611
175,remire-montjoly,4.9167,-52.2667,24.02,100,75,0.51,GF,1720074611
176,selogiri,-7.7833,110.8667,28.66,68,93,4.67,ID,1720074612
177,severoural'sk,60.1533,59.952,31.79,36,32,4.01,RU,1720074612
178,san antonio de pale,-1.4014,5.6325,23.99,81,100,5.42,GQ,1720074612
179,blenheim,-41.516,173.9528,3.62,78,5,1.1,NZ,1720074612
180,petauke,-14.2426,31.3253,21.48,36,83,1.96,ZM,1720074612
181,mermoz boabab,14.7065,-17.4758,26.88,89,20,2.06,SN,1720074612
182,ad dawadimi,24.5077,44.3924,33.64,10,0,2.38,SA,1720074613
183,karratha,-20.7377,116.8463,23.92,21,0,8.05,AU,1720074613
184,georgetown,5.4112,100.3354,27.97,65,20,5.66,MY,1720074613
185,calhoun,42.2506,-85.0005,19.03,74,0,0.0,US,1720074613
186,nar'yan-mar,67.6713,53.087,20.27,62,8,11.94,RU,1720074613
187,cabo san lucas,22.8909,-109.9124,27.61,63,7,1.99,MX,1720074339
188,callao,-12.0667,-77.15,16.9,94,100,1.54,PE,1720074614
189,lerwick,60.1545,-1.1494,11.0,84,100,5.07,GB,1720074614
190,atafu village,-8.5421,-172.5159,28.65,78,100,10.69,TK,1720074614
191,san pedro,14.35,121.0167,31.29,75,100,2.57,PH,1720074614
192,huarmey,-10.0681,-78.1522,17.37,87,77,1.77,PE,1720074614
193,pemangkat,1.1667,108.9667,28.88,75,2,4.18,ID,1720074614
194,san julian,21.0167,-102.1667,15.41,84,17,2.49,MX,1720074614
195,ouro preto,-20.3948,-43.5052,11.89,87,0,1.19,BR,1720074615
196,guadalupe y calvo,26.1,-106.9667,14.48,99,83,0.56,MX,1720074615
197,dickson,36.077,-87.3878,27.3,86,0,2.06,US,1720074615
198,padangsidempuan,1.3667,99.2667,23.94,96,100,0.94,ID,1720074615
199,crucecita,-28.95,-58.9833,14.62,70,100,4.78,AR,1720074615
200,nagqu,31.5,92.0,17.14,32,100,1.14,CN,1720074615
201,maqat,47.65,53.3167,35.19,18,28,1.53,KZ,1720074616
202,iskateley,67.6803,53.1512,20.45,62,4,11.82,RU,1720074616
203,bom jardim,-7.7958,-35.5872,19.78,95,93,2.04,BR,1720074616
204,fort mcmurray,56.7268,-111.381,17.77,67,100,2.06,CA,1720074616
205,uzgen,40.7699,73.3007,28.16,13,100,5.52,KG,1720074616
206,ikovka,55.6089,64.9375,26.72,58,14,2.63,RU,1720074617
207,igarka,67.4667,86.5833,19.05,46,89,4.98,RU,1720074617
208,east london,-33.0153,27.9116,13.52,71,0,7.2,ZA,1720074617
209,beira,-19.8436,34.8389,19.05,88,0,2.57,MZ,1720074617
210,minas de marcona,-15.2119,-75.1103,10.22,88,24,2.0,PE,1720074617
211,aldama,22.9167,-98.0667,26.39,94,22,1.09,MX,1720074617
212,kavieng,-2.5744,150.7967,27.83,77,100,3.92,PG,1720074618
213,carnarvon,-24.8667,113.6333,21.8,34,0,7.63,AU,1720074618
214,sao jose da coroa grande,-8.8978,-35.1478,24.67,70,3,4.99,BR,1720074618
215,jayapura,-2.5333,140.7,31.66,75,100,2.4,ID,1720074618
216,coquimbo,-29.9533,-71.3436,8.85,100,86,1.54,CL,1720074618
217,nuuk,64.1835,-51.7216,7.71,70,5,4.02,GL,1720074437
218,san borja,-14.8167,-66.85,19.47,86,5,0.82,BO,1720074618
219,merizo village,13.2658,144.6691,31.31,84,43,5.01,GU,1720074619
220,mogadishu,2.0371,45.3438,27.93,74,20,8.23,SO,1720074619
221,kirakira,-10.4544,161.9205,26.32,77,98,4.99,SB,1720074619
222,fortuna,40.5982,-124.1573,12.19,94,0,1.54,US,1720074619
223,tsiombe,-25.3,45.4833,23.99,49,0,3.55,MG,1720074619
224,puerto armuelles,8.2833,-82.8667,24.49,90,100,3.58,PA,1720074619
225,ust-nera,64.5667,143.2,20.74,54,100,1.36,RU,1720074620
226,whitehorse,60.7161,-135.0538,16.43,59,75,6.71,CA,1720074620
227,ancud,-41.8697,-73.8203,3.85,68,41,3.64,CL,1720074620
228,utrik,11.2278,169.8474,27.7,83,100,6.89,MH,1720074620
229,mossel bay,-34.1831,22.146,10.96,69,1,6.86,ZA,1720074620
230,tucuma,-0.1833,-50.05,24.42,93,76,3.15,BR,1720074671
231,fale old settlement,-9.3852,-171.2468,28.58,78,21,10.77,TK,1720074671
232,nouadhibou,20.931,-17.0347,19.99,88,0,8.75,MR,1720074671
233,hatillo,18.4863,-66.8254,28.07,85,99,0.89,PR,1720074671
234,nemuro,43.3236,145.575,15.04,93,24,4.09,JP,1720074671
235,puerto san jose,13.9256,-90.8244,24.93,90,95,3.7,GT,1720074671
236,kota tinggi,1.7381,103.8999,33.13,60,81,3.55,MY,1720074672
237,hasaki,35.7333,140.8333,30.22,79,4,5.45,JP,1720074672
238,cabedelo,-6.9811,-34.8339,21.37,86,64,4.63,BR,1720074672
239,moranbah,-22.0016,148.0466,20.59,52,97,8.92,AU,1720074672
240,ta`u,-14.2336,-169.5144,26.97,79,13,10.42,AS,1720074672
241,veydelevka,50.1521,38.4492,30.34,40,61,4.22,RU,1720074672
242,uthal,25.8072,66.6219,35.43,53,27,4.67,PK,1720074673
243,pasuquin,18.3328,120.6177,32.97,75,75,4.12,PH,1720074673
244,hawaiian paradise park,19.5933,-154.9731,23.73,92,100,2.57,US,1720074673
245,itamaraca,-7.7478,-34.8256,26.03,81,90,4.88,BR,1720074673
246,goundam,16.4145,-3.6708,27.76,64,13,5.06,ML,1720074673
247,lethem,3.3803,-59.7968,23.53,91,13,2.13,GY,1720074673
248,kirensk,57.7853,108.1119,31.84,37,24,3.5,RU,1720074674
249,kaa-khem,51.6833,94.7333,24.8,46,100,0.76,RU,1720074674
250,coyhaique,-45.5752,-72.0662,-2.7,95,67,3.41,CL,1720074674
251,mount isa,-20.7333,139.5,23.87,35,40,3.6,AU,1720074618
252,cassilandia,-19.1133,-51.7342,17.12,43,0,0.97,BR,1720074674
253,kitimat,54.0524,-128.6534,17.21,81,39,1.79,CA,1720074674
254,cole harbour,44.6724,-63.4751,13.66,90,100,0.0,CA,1720074675
255,eyl,7.9803,49.8164,31.28,46,100,13.98,SO,1720074675
256,walvis bay,-22.9575,14.5053,5.53,100,0,3.09,NA,1720074675
257,hitoyoshi,32.2167,130.75,32.9,59,6,2.76,JP,1720074675
258,happy valley-goose bay,53.3168,-60.3315,17.17,88,100,2.57,CA,1720074675
259,gaspe,48.8334,-64.4819,22.12,46,100,3.09,CA,1720074675
260,tocopilla,-22.092,-70.1979,15.5,71,9,1.02,CL,1720074676
261,tobruk,32.0836,23.9764,26.59,62,0,3.73,LY,1720074676
262,sao borja,-28.6606,-56.0044,13.86,87,100,4.05,BR,1720074676
263,alvorada,-12.48,-49.1247,21.06,50,0,2.13,BR,1720074676
264,tuskegee,32.424,-85.6916,26.66,90,0,1.25,US,1720074676
265,isola delle femmine,38.1935,13.2488,24.19,69,20,4.63,IT,1720074676
266,caxias,38.7031,-9.2767,17.8,86,20,4.63,PT,1720074677
267,kuanda,56.3161,116.0806,33.73,33,12,2.52,RU,1720074677
268,pavlodar,52.3,76.95,20.89,60,75,4.0,KZ,1720074677
269,bullas,38.0467,-1.6723,21.92,38,0,1.59,ES,1720074677
270,holualoa,19.6228,-155.9522,24.91,88,20,6.17,US,1720074677
271,dame-marie,18.5667,-74.4167,27.29,76,100,0.38,HT,1720074677
272,monghyr,25.3833,86.4667,32.69,62,100,4.22,IN,1720074678
273,yakeshi,49.2833,120.7333,35.5,19,8,1.44,CN,1720074678
274,san luis de la loma,17.2706,-100.8939,24.8,91,6,1.76,MX,1720074678
275,midvagur,62.0511,-7.1939,10.46,93,100,6.17,FO,1720074678
276,alice springs,-23.7,133.8833,12.75,44,3,4.63,AU,1720074620
277,carlsbad,33.1581,-117.3506,21.01,88,100,1.54,US,1720074678
278,yarovoye,52.9273,78.58,23.69,57,84,1.19,RU,1720074678
279,dzhambeyty,50.2536,52.595,33.72,29,6,4.85,KZ,1720074679
280,zouerate,22.7187,-12.4521,26.19,28,1,7.2,MR,1720074679
281,piti village,13.4626,144.6933,31.49,80,75,5.66,GU,1720074679
282,antsiranana,-12.2787,49.2917,26.42,50,20,9.26,MG,1720074679
283,taltal,-25.4,-70.4833,11.52,86,16,1.42,CL,1720074679
284,chadron,42.8294,-102.9999,13.31,84,20,2.06,US,1720074679
285,geraldton,-28.7667,114.6,19.23,42,0,7.72,AU,1720074619
286,harstad,68.799,16.5293,13.47,77,51,1.86,NO,1720074680
287,hami,42.8,93.45,31.82,17,27,1.24,CN,1720074680
288,ebon,4.582,168.6964,25.66,91,100,7.33,MH,1720074730
289,klaksvik,62.2266,-6.589,10.51,82,100,6.9,FO,1720074730
290,derzhavinsk,51.1,66.3167,23.41,46,10,6.01,KZ,1720074730
291,xiongzhou,25.1167,114.3,35.9,44,0,3.92,CN,1720074731
292,nelson bay,-32.7167,152.15,16.67,65,69,0.89,AU,1720074731
293,roma,43.2128,-75.4557,24.08,60,100,2.57,US,1720074731
294,karkkila,60.5342,24.2098,18.25,69,100,4.67,FI,1720074731
295,cill airne,52.05,-9.5167,12.21,78,100,4.22,IE,1720074731
296,linxia chengguanzhen,35.6003,103.2064,24.86,34,100,4.73,CN,1720074731
297,namdrik,5.5994,168.1028,27.45,82,100,8.5,MH,1720074732
298,kingston,17.997,-76.7936,28.53,84,100,9.26,JM,1720074732
299,tongshan,34.1805,117.1571,24.89,84,100,4.24,CN,1720074732
300,williams lake,52.1415,-122.1445,15.76,63,20,0.0,CA,1720074732
301,harper,4.375,-7.7169,24.11,77,99,2.4,LR,1720074732
302,nyurba,63.2842,118.3319,19.63,37,48,3.62,RU,1720074732
303,lakhdenpokh'ya,61.5198,30.1992,17.23,72,84,3.71,RU,1720074733
304,yangambi,0.8102,24.4336,28.89,56,30,1.19,CD,1720074733
305,talcher,20.95,85.2167,31.54,64,100,3.84,IN,1720074733
306,rio grande,-32.035,-52.0986,9.41,76,100,2.02,BR,1720074733
307,chonchi,-42.6128,-73.8092,0.62,88,22,1.58,CL,1720074733
308,koton-karfe,8.1,6.8,24.32,91,100,0.92,NG,1720074733
309,huamachuco,-7.8,-78.0667,6.95,86,95,0.87,PE,1720074734
310,mugia,43.1041,-9.2179,19.53,90,72,7.43,ES,1720074734
311,khovd,48.0056,91.6419,23.94,19,24,3.85,MN,1720074734
312,ales,44.1333,4.0833,19.6,60,3,2.82,FR,1720074734
313,saint-francois,46.4154,3.9054,16.47,94,100,1.03,FR,1720074734
314,zinjibar,13.1287,45.3807,33.21,64,22,3.34,YE,1720074734
315,paita,-5.0892,-81.1144,18.24,86,11,3.11,PE,1720074735
316,tadine,-21.55,167.8833,21.7,85,1,4.29,NC,1720074735
317,port alberni,49.2413,-124.8028,17.91,81,0,0.89,CA,1720074735
318,cambria,35.5641,-121.0808,24.58,74,0,0.47,US,1720074735
319,aleksandrov gay,50.147,48.5704,35.66,23,71,6.17,RU,1720074735
320,puerto leguizamo,-0.1934,-74.7819,20.73,99,100,0.1,CO,1720074735
321,flying fish cove,-10.4217,105.6791,26.82,89,100,5.66,CX,1720074736
322,selfoss,63.9331,-20.9971,9.47,82,100,3.62,IS,1720074736
323,galesong,-5.3166,119.3661,32.01,76,98,1.63,ID,1720074736
324,colonia,50.9333,6.95,16.59,88,75,3.6,DE,1720074736
325,amalapuram,16.5833,82.0167,34.9,48,100,3.32,IN,1720074736
326,caucete,-31.6518,-68.2811,7.1,40,33,2.97,AR,1720074736
327,lanzhou,36.0564,103.7922,28.63,31,88,12.37,CN,1720074737
328,emerald,-23.5333,148.1667,20.19,54,41,7.29,AU,1720074451
329,dudinka,69.4058,86.1778,16.68,52,100,7.18,RU,1720074737
330,dalandzadgad,43.5708,104.425,25.61,28,100,3.8,MN,1720074737
331,soio,-6.1349,12.3689,22.75,77,91,3.46,AO,1720074737
332,torzhok,57.0436,34.9622,20.96,63,100,1.85,RU,1720074737
333,sinabang,2.4803,96.3801,29.23,71,26,2.01,ID,1720074738
334,khash,28.2211,61.2158,38.7,11,0,0.43,IR,1720074738
335,suntar,62.1444,117.6319,20.62,38,100,3.43,RU,1720074738
336,luena,-11.7833,19.9167,18.84,35,4,2.29,AO,1720074738
337,las heras,-46.5419,-68.9359,-0.09,62,8,10.24,AR,1720074738
338,jiwani,25.05,61.7417,29.86,77,93,6.04,PK,1720074738
339,kothi,24.75,80.7833,32.16,58,100,2.46,IN,1720074739
340,tazacorte,28.629,-17.9293,20.54,88,75,5.14,ES,1720074739
341,wanganui,-39.9333,175.05,5.77,85,16,0.7,NZ,1720074739
342,onega,63.9061,38.1404,17.04,72,7,3.86,RU,1720074739
343,natal,-5.795,-35.2094,23.36,94,40,3.09,BR,1720074739
344,ujae,8.9322,165.7642,28.29,81,31,6.77,MH,1720074739
345,xinyuan,37.3,99.0,16.96,34,100,6.94,CN,1720074740
346,sur,22.5667,59.5289,36.54,48,80,3.39,OM,1720074740
347,santa terezinha,-29.9002,-50.0904,12.72,86,100,1.02,BR,1720074740
348,ha'il,27.5219,41.6907,33.01,15,0,0.0,SA,1720074790
349,sisimiut,66.9395,-53.6735,6.21,72,2,2.35,GL,1720074790
350,akureyri,65.6835,-18.0878,6.96,87,100,4.12,IS,1720074791
351,oromocto,45.8351,-66.4792,14.96,72,75,2.57,CA,1720074791
352,pangkalpinang,-2.1333,106.1333,29.29,74,55,3.86,ID,1720074791
353,formiga,-20.4644,-45.4264,13.52,66,0,0.79,BR,1720074791
354,ilebo,-4.3167,20.5833,27.64,29,79,1.67,CD,1720074791
355,trinity beach,-16.7888,145.6968,25.56,80,100,7.2,AU,1720074792
356,at taj,24.2049,23.2857,34.13,11,6,1.86,LY,1720074792
357,nogliki,51.8333,143.1667,18.51,75,89,2.77,RU,1720074792
358,grand falls-windsor,48.9332,-55.6649,15.28,82,100,2.2,CA,1720074792
359,kuqa,41.7278,82.9364,31.87,15,100,4.99,CN,1720074792
360,mamuju,-2.6748,118.8885,27.67,79,65,1.53,ID,1720074792
361,solnechnyy,50.7214,136.6319,35.03,29,17,1.65,RU,1720074793
362,santiago de cao,-7.9589,-79.2392,19.07,82,75,2.57,PE,1720074793
363,port saint john's,-31.6229,29.5448,18.84,46,31,7.79,ZA,1720074793
364,chela,34.069,104.4619,21.2,62,100,4.45,CN,1720074793
365,guajara mirim,-10.7828,-65.3394,21.08,65,1,0.17,BR,1720074793
366,privolzhsk,57.3808,41.2886,24.76,71,100,0.97,RU,1720074793
367,bonthe,7.5264,-12.505,24.19,86,100,1.5,SL,1720074794
368,weno,7.4515,151.8468,29.97,84,75,3.6,FM,1720074794
369,opuwo,-18.0607,13.84,18.88,17,5,1.96,NA,1720074794
370,otjiwarongo,-20.4637,16.6477,15.9,10,0,4.15,NA,1720074794
371,troy,42.6056,-83.1499,21.97,85,0,0.0,US,1720074692
372,saudarkrokur,65.7461,-19.6394,7.59,91,100,6.27,IS,1720074794
373,lazaro cardenas,17.9583,-102.2,25.04,89,4,1.74,MX,1720074794
374,montmagny,48.9734,2.3469,16.69,82,0,6.17,FR,1720074795
375,atraulia,26.3333,82.95,33.16,59,100,5.41,IN,1720074795
376,bairnsdale,-37.8333,147.6167,12.7,89,93,0.45,AU,1720074795
377,afikpo,5.8931,7.9374,22.69,98,100,0.61,NG,1720074795
378,markovo,57.3206,107.0881,31.58,42,57,2.94,RU,1720074795
379,aykhal,66.0,111.5,17.98,33,11,5.46,RU,1720074795
380,tongliao,43.6125,122.2653,24.39,55,100,2.21,CN,1720074796
381,severobaykal'sk,55.65,109.3167,24.23,47,15,1.69,RU,1720074796
382,tippi,7.2,35.45,25.8,52,100,0.83,ET,1720074796
383,wakkanai,45.4094,141.6739,22.99,73,75,6.69,JP,1720074796
384,gori,41.9842,44.1158,29.29,35,0,4.66,GE,1720074796
385,namibe,-15.1961,12.1522,19.05,66,1,1.15,AO,1720074796
386,severo-yeniseyskiy,60.3725,93.0408,21.43,62,100,2.58,RU,1720074797
387,shingu,33.7333,135.9833,32.68,58,73,3.94,JP,1720074797
388,tocaima,4.4582,-74.6343,21.63,88,99,1.67,CO,1720074797
389,cidreira,-30.1811,-50.2056,12.59,83,100,2.35,BR,1720074797
390,mastung,29.7994,66.845,37.56,12,0,2.58,PK,1720074797
391,martuk,50.7475,56.5056,28.9,40,44,2.95,KZ,1720074797
392,kalach,50.4258,41.0261,30.13,43,9,3.81,RU,1720074798
393,lefkada,38.8275,20.7019,26.66,57,20,1.54,GR,1720074798
394,serdar,38.9764,56.2757,35.83,14,5,3.35,TM,1720074798
395,yuzhno-kurilsk,44.0306,145.8556,16.88,79,44,2.05,RU,1720074798
396,salekhard,66.53,66.6019,23.37,59,100,4.68,RU,1720074798
397,chemax,20.65,-87.9333,23.67,99,16,0.99,MX,1720074798
398,kalamunda,-32.004,116.1329,15.51,65,75,6.69,AU,1720074799
399,chegdomyn,51.1167,133.0167,37.02,19,2,1.42,RU,1720074799
400,musaffah,24.3458,54.5024,39.05,30,0,8.75,AE,1720074799
401,brisas de zicatela,15.8369,-97.0419,26.07,87,91,3.11,MX,1720074799
402,villa hernandarias,-31.231,-59.985,5.7,58,100,3.46,AR,1720074799
403,puerto baquerizo moreno,-0.9,-89.6,20.63,91,99,2.98,EC,1720074799
404,boa vista,2.8197,-60.6733,23.99,100,75,3.09,BR,1720074800
405,pasni,25.2631,63.471,29.32,76,87,3.85,PK,1720074800
406,novodvinsk,64.4165,40.8122,17.86,58,45,4.44,RU,1720074800
407,kande,9.9578,1.0447,23.07,91,100,2.01,TG,1720074849
408,veraval,20.9,70.3667,29.77,80,100,8.37,IN,1720074849
409,nehe,48.4833,124.8333,34.38,28,5,3.63,CN,1720074849
410,sola,-13.8833,167.55,27.37,74,75,3.09,VU,1720074850
411,bintulu,3.1667,113.0333,33.23,62,20,3.09,MY,1720074850
412,suda,59.1525,37.5582,21.06,52,43,1.87,RU,1720074850
413,kargasok,59.0556,80.8572,19.5,61,100,5.4,RU,1720074850
414,dolores,-36.3132,-57.6792,2.4,72,83,3.14,AR,1720074850
415,tawau,4.2498,117.8871,30.07,70,100,2.8,MY,1720074851
416,sandnessjoen,66.0217,12.6316,12.29,71,100,5.24,NO,1720074851
417,susuman,62.7833,148.1667,20.72,44,23,1.31,RU,1720074851
418,bay roberts,47.5999,-53.2648,11.19,98,17,0.82,CA,1720074851
419,vuktyl,63.8567,57.3094,28.06,49,15,7.87,RU,1720074851
420,pul-e khumri,35.9446,68.7151,38.5,9,0,2.69,AF,1720074851
421,leamington,42.0549,-82.6062,23.37,58,7,3.34,CA,1720074751
422,kerikeri,-35.2268,173.9474,9.95,84,42,1.34,NZ,1720074852
423,angaur state,6.906,134.13,27.0,79,100,0.36,PW,1720074852
424,vryburg,-26.9566,24.7284,8.39,63,0,5.04,ZA,1720074852
425,vallenar,-28.5708,-70.7581,10.63,76,100,1.37,CL,1720074852
426,hengchun,22.0042,120.7439,31.61,70,11,6.48,TW,1720074853
427,la asuncion,11.0333,-63.8628,25.85,100,100,3.6,VE,1720074853
428,ceeldheer,3.8488,47.1806,28.4,57,25,9.59,SO,1720074853
429,xilin hot,43.9667,116.0333,28.1,19,100,4.36,CN,1720074853
430,undurkhaan,47.3194,110.6556,30.78,21,100,0.67,MN,1720074853
431,ioannina,39.6675,20.8508,20.86,64,40,2.06,GR,1720074854
432,saint-pierre,-21.3393,55.4781,20.82,83,100,8.23,RE,1720074854
433,porto seguro,-16.4497,-39.0647,21.29,88,20,1.54,BR,1720074854
434,vernon,50.2581,-119.2691,17.56,55,6,3.6,CA,1720074771
435,tual,-5.6667,132.75,25.98,85,100,10.91,ID,1720074854
436,ar rutbah,33.0381,40.2848,33.15,17,0,6.22,IQ,1720074854
437,tura,25.5198,90.2201,24.44,96,100,2.5,IN,1720074854
438,carutapera,-1.195,-46.02,23.37,94,82,2.53,BR,1720074855
439,dunedin,-45.8742,170.5036,7.11,82,99,0.45,NZ,1720074605
440,rongelap,11.1635,166.8941,28.43,80,100,7.12,MH,1720074855
441,praia da vitoria,38.7333,-27.0667,20.42,77,75,1.88,PT,1720074855
442,sao vicente,-23.9631,-46.3919,24.1,55,0,3.38,BR,1720074855
443,qamdo,31.1667,97.2333,12.18,75,100,5.22,CN,1720074855
444,plainfield,40.6168,-74.4173,21.16,73,39,0.89,US,1720074725
445,kayyerkan,69.3786,87.7439,13.98,55,100,6.13,RU,1720074856
446,fuling,29.7022,107.3919,30.4,74,100,1.12,CN,1720074856
447,yigo village,13.5361,144.8886,30.62,70,75,5.66,GU,1720074856
448,trairi,-3.2778,-39.2689,23.81,85,44,4.09,BR,1720074856
449,cockburn town,21.4612,-71.1419,27.9,87,100,7.24,TC,1720074856
450,kerouane,9.2667,-9.0167,20.81,97,100,1.09,GN,1720074857
451,pontal,-21.0225,-48.0372,20.15,56,0,0.64,BR,1720074857
452,muynoq,43.7683,59.0214,35.03,20,0,1.34,UZ,1720074857
453,bismarck,46.8083,-100.7837,17.7,81,100,2.06,US,1720074699
454,as suwayq,23.8494,57.4386,39.16,38,6,4.88,OM,1720074857
455,daru,-9.0763,143.2092,25.25,90,99,8.2,PG,1720074857
456,manta,-0.95,-80.7333,23.88,83,75,2.57,EC,1720074857
457,panshi,42.9422,126.0561,21.27,76,100,0.5,CN,1720074858
458,malango,-2.9627,119.9001,21.45,99,100,1.02,ID,1720074858
459,catia la mar,10.6038,-67.0303,26.11,89,75,1.03,VE,1720074858
460,pariaman,-0.619,100.12,33.03,73,100,1.96,ID,1720074858
461,portland,45.5234,-122.6762,19.81,73,0,1.79,US,1720074417
462,nadi,-17.8,177.4167,27.0,69,20,0.0,FJ,1720074858
463,saint-joseph,-21.3667,55.6167,20.21,78,64,6.16,RE,1720074858
464,pisco,-13.7,-76.2167,16.03,88,100,1.54,PE,1720074909
465,bubaque,11.2833,-15.8333,26.91,80,65,7.27,GW,1720074909
466,glace bay,46.1969,-59.957,12.2,91,20,2.24,CA,1720074747
467,poronaysk,49.2167,143.1167,18.95,77,14,4.65,RU,1720074909
468,loikaw,19.6742,97.2094,26.42,70,100,0.7,MM,1720074909
469,petropavlovsk-kamchatsky,53.0452,158.6483,10.33,100,100,3.0,RU,1720074909
470,santana,-0.0583,-51.1817,25.1,100,20,1.54,BR,1720074910
471,baiao,-2.7906,-49.6717,22.49,92,59,1.01,BR,1720074910
472,madimba,-10.4,40.3333,24.62,83,20,5.14,TZ,1720074910
473,heroica guaymas,27.9333,-110.9,28.82,69,100,1.16,MX,1720074910
474,hammerfest,70.6634,23.6821,8.25,100,75,2.06,NO,1720074910
475,whakatane,-37.9585,176.9854,8.62,88,5,0.89,NZ,1720074910
476,vila franca do campo,37.7167,-25.4333,19.23,99,48,1.43,PT,1720074911
477,samraong,12.4526,105.5873,25.58,95,100,1.12,KH,1720074911
478,mbabane,-26.3167,31.1333,16.3,20,0,6.95,SZ,1720074911
479,lashio,22.9333,97.75,24.61,90,100,1.55,MM,1720074911
480,prado,-17.3411,-39.2208,20.66,81,0,1.36,BR,1720074911
481,diamantino,-14.4086,-56.4461,21.27,51,73,2.06,BR,1720074911
482,barah,13.7,30.3667,32.56,39,46,6.88,SD,1720074912
483,smithers,54.7804,-127.1743,14.18,51,0,3.6,CA,1720074912
484,doctor arroyo,23.6667,-100.1833,18.06,85,9,3.48,MX,1720074912
485,tofol,5.3248,163.0078,27.14,81,100,4.79,FM,1720074912
486,khost,33.3395,69.9204,35.95,37,35,6.59,AF,1720074912
487,misratah,32.3754,15.0925,25.43,63,0,5.54,LY,1720074912
488,inirida,3.8653,-67.9239,22.94,99,100,0.41,CO,1720074913
489,looe,50.3578,-4.4542,14.51,73,100,6.2,GB,1720074913
490,nova xavantina,-14.6667,-52.35,18.97,47,0,1.3,BR,1720074913
491,guichon,-32.35,-57.2,4.0,82,100,2.46,UY,1720074913
492,chulakkurgan,43.765,69.1814,32.86,19,6,7.04,KZ,1720074913
493,zeya,53.75,127.2667,37.95,21,87,3.51,RU,1720074913
494,khandyga,62.6667,135.6,20.91,29,100,5.32,RU,1720074914
495,patos de minas,-18.5789,-46.5181,13.67,56,0,0.51,BR,1720074914
496,taro,-8.3862,115.28,25.0,68,100,1.87,ID,1720074914
497,kinkala,-4.3614,14.7644,20.8,79,100,2.21,CG,1720074914
498,manokwari,-0.8667,134.0833,28.48,68,8,2.23,ID,1720074914
499,khor,47.8861,134.9464,27.97,76,99,3.27,RU,1720074914
500,balestrate,38.0513,13.0072,24.73,69,40,4.12,IT,1720074915
501,changji,44.0167,87.3167,27.44,36,0,3.0,CN,1720074915
502,ocean shores,46.9737,-124.1563,12.79,92,75,1.54,US,1720074686
503,lisakovsk,52.5369,62.4936,25.37,51,0,3.37,KZ,1720074915
504,lata,40.1629,-8.3327,19.89,67,1,0.87,PT,1720074915
505,kolonia town,6.964,158.206,27.0,94,100,1.54,FM,1720074915
506,hirara,24.8,125.2833,33.15,70,40,4.63,JP,1720074916
507,luderitz,-26.6481,15.1594,14.81,50,24,3.82,NA,1720074916
508,lancon-provence,43.5924,5.1317,20.77,53,0,8.75,FR,1720074916
509,saint croix,17.7397,-64.7388,28.25,85,75,5.14,VI,1720074916
510,yarmouth,41.7057,-70.2286,19.43,91,0,2.57,US,1720074916
511,mata-utu,-13.2816,-176.1745,28.04,82,9,9.81,WF,1720074916
512,al jawf,29.5,38.75,31.84,22,0,3.63,SA,1720074917
513,fort st. john,56.2499,-120.8529,12.94,88,75,4.12,CA,1720074746
514,ugoofaaru,5.6667,73.0,28.56,73,100,3.22,MV,1720074917
515,nalchiti,22.6333,90.2833,31.33,68,100,6.12,BD,1720074917
516,mandalgovi,45.7625,106.2708,28.49,14,99,5.34,MN,1720074917
517,hoopeston,40.4673,-87.6684,24.86,68,100,1.86,US,1720074918
518,okhotsk,59.3833,143.3,14.32,72,34,4.18,RU,1720074918
519,bilohirsk,45.05,34.6,30.11,39,57,3.35,UA,1720074918
520,burang,30.25,81.1667,16.43,54,96,3.53,CN,1720074918
521,saulkrasti,57.2622,24.4147,16.06,78,100,2.85,LV,1720074918
522,belyy yar,53.6039,91.3903,23.94,53,0,3.0,RU,1720074968
523,flin flon,54.7682,-101.865,13.15,94,17,2.31,CA,1720074969
524,polyarnyy,69.1989,33.4478,7.46,85,100,4.47,RU,1720074969
525,mogocha,53.7333,119.7667,37.03,15,100,3.83,RU,1720074969
526,berezovyy,51.6667,135.7,21.06,97,100,2.09,RU,1720074969
527,al kut,32.5147,45.819,40.37,12,0,10.16,IQ,1720074969
528,nabire,-3.3667,135.4833,28.53,73,100,1.13,ID,1720074969
529,kosh-agach,50.0,88.6667,18.39,34,39,1.54,RU,1720074970
530,san pedro pochutla,15.7333,-96.4667,24.84,93,96,2.1,MX,1720074970
531,pacific grove,36.6177,-121.9166,17.67,84,0,1.54,US,1720074970
532,jabor,5.921,169.6434,26.22,87,100,6.25,MH,1720074970
533,bokhan,53.153,103.7714,34.06,34,18,2.5,RU,1720074970
534,sungai besar,3.6746,100.9867,24.32,96,100,7.09,MY,1720074970
535,extrema,-22.8547,-46.3183,14.23,66,0,2.54,BR,1720074971
536,waddan,29.1614,16.139,27.02,39,0,1.17,LY,1720074971
537,palo santo,-25.5633,-59.3378,16.71,66,2,1.61,AR,1720074971
538,kayes,14.0,-11.0,27.94,66,100,6.51,ML,1720074971
539,gaiman,-43.2897,-65.4929,3.18,48,0,12.67,AR,1720074972
540,bel ombre,-4.6167,55.4167,27.91,78,40,7.72,SC,1720074972
541,bhilai,21.2167,81.4333,27.07,88,100,3.97,IN,1720074972
542,vikhorevka,56.1201,101.1636,32.77,40,61,2.52,RU,1720074972
543,jinxiang,27.4327,120.6062,30.77,72,2,5.17,CN,1720074973
544,pestravka,52.405,49.9583,30.89,43,53,4.13,RU,1720074973
545,saint-philippe,-21.3585,55.7679,20.77,81,98,5.78,RE,1720074973
546,lompoc,34.6391,-120.4579,20.08,82,0,1.83,US,1720074745
547,nagato,34.3833,131.2,31.78,81,0,7.61,JP,1720074973
548,fukuecho,32.6881,128.8419,28.2,89,40,6.17,JP,1720074973
549,horodnytsya,50.807,27.3168,17.24,93,100,1.7,UA,1720074973
550,calama,-22.4667,-68.9333,5.27,11,0,5.14,CL,1720074974
551,siwa oasis,29.2041,25.5195,31.53,40,0,2.92,EG,1720074974
552,guiuan,11.0333,125.7247,29.57,70,100,3.49,PH,1720074974
553,victoria falls,-17.9235,25.843,20.81,28,2,1.11,ZW,1720074974
554,juba,4.8517,31.5825,27.45,64,81,2.22,SS,1720074974
555,jinchang,38.4953,102.1739,18.56,48,100,3.3,CN,1720074974
556,mount pearl,47.5166,-52.7813,10.53,98,0,1.54,CA,1720074975
557,centerport,40.8854,-73.3762,21.36,81,0,3.09,US,1720074975
558,la passe,45.5549,-0.8967,18.13,84,20,5.34,FR,1720074975
